11/1,Suns,Wizards,525,-750
11/1,Bucks,Hornets,145,-170
11/1,Hawks,76ers,260,-330
11/1,Pacers,Cavaliers,400,-550
11/1,Kings,Celtics,600,-900
11/1,Bulls,Heat,375,-500
11/1,Magic,Grizzlies,125,-145
11/1,Rockets,Knicks,-250,200
11/1,Timberwolves,Pelicans,115,-135
11/1,Raptors,Nuggets,105,-125
11/1,Trail Blazers,Jazz,145,-170
11/1,Mavericks,Clippers,425,-600
11/2,Warriors,Spurs,-350,275
11/2,Lakers,Trail Blazers,190,-240
11/3,Cavaliers,Wizards,135,-155
11/3,Bulls,Magic,275,-350
11/3,Bucks,Pistons,100,-120
11/3,Pacers,76ers,170,-200
11/3,Rockets,Hawks,-420,320
11/3,Suns,Knicks,160,-190
11/3,Hornets,Spurs,165,-195
11/3,Pelicans,Mavericks,-200,170
11/3,Raptors,Jazz,110,-130
11/3,Heat,Nuggets,190,-240
11/3,Celtics,Thunder,210,-260
11/3,Nets,Lakers,135,-155
11/4,Grizzlies,Clippers,180,-220
11/4,Kings,Pistons,325,-425
11/4,Pelicans,Bulls,-220,180
11/4,Mavericks,Timberwolves,600,-900
11/4,Warriors,Nuggets,-430,330
11/5,Hawks,Cavaliers,650,-1000
11/5,Heat,Clippers,190,-240
11/5,Wizards,Raptors,220,-270
11/5,Celtics,Magic,-155,135
11/5,Jazz,Rockets,200,-250
11/5,Suns,Spurs,425,-600
11/5,Pacers,Knicks,-110,-110
11/5,Hornets,Timberwolves,160,-190
11/5,Thunder,Trail Blazers,-155,135
11/5,Grizzlies,Lakers,-140,120
11/6,Celtics,Hawks,-350,275
11/6,Nets,Suns,-110,-110
11/6,Heat,Warriors,950,-1800
11/7,Bucks,Cavaliers,180,-220
11/7,Mavericks,Wizards,425,-600
11/7,Pelicans,Pacers,-120,100
11/7,Bulls,Raptors,575,-850
11/7,Hornets,Knicks,-135,115
11/7,Clippers,Spurs,155,-185
11/7,76ers,Jazz,215,-265
11/7,Nets,Nuggets,650,-1000
11/7,Grizzlies,Trail Blazers,120,-140
11/7,Thunder,Kings,-700,500
11/8,Knicks,Magic,300,-400
11/8,Pacers,Pistons,225,-275
11/8,Lakers,Celtics,240,-300
11/8,Heat,Suns,-240,190
11/8,Timberwolves,Warriors,300,-400
11/9,Lakers,Wizards,400,-550
11/9,Pelicans,Raptors,180,-220
11/9,Cavaliers,Rockets,185,-230
11/9,76ers,Kings,-250,200
11/9,Thunder,Nuggets,-135,115
11/10,Hawks,Pistons,260,-330
11/10,Hornets,Celtics,125,-145
11/10,Pacers,Bulls,-155,135
11/10,Bucks,Spurs,170,-200
11/10,Magic,Suns,-170,145
11/10,Heat,Jazz,125,-145
11/10,Clippers,Thunder,190,-240
11/10,Nets,Trail Blazers,330,-430
11/11,Hawks,Wizards,400,-550
11/11,Clippers,Pelicans,200,-250
11/11,Grizzlies,Rockets,230,-280
11/11,Kings,Knicks,215,-265
11/11,Cavaliers,Mavericks,-250,200
11/11,Lakers,Bucks,210,-260
11/11,76ers,Warriors,800,-1400
11/11,Bulls,Spurs,450,-650
11/11,Magic,Nuggets,310,-410
11/11,Nets,Jazz,240,-300
11/11,Timberwolves,Suns,-550,400
11/12,Raptors,Celtics,-160,140
11/12,Heat,Pistons,115,-135
11/12,Rockets,Pacers,-180,150
11/12,Mavericks,Thunder,450,-650
11/13,Kings,Wizards,534,-750
11/13,Cavaliers,Knicks,-225,188
11/13,Grizzlies,Bucks,151,-175
11/13,Hawks,Pelicans,384,-500
11/13,Timberwolves,Jazz,-145,125
11/13,Lakers,Suns,-105,-115
11/13,Nuggets,Trail Blazers,110,-130
11/13,76ers,Clippers,110,-130
11/13,Magic,Warriors,711,-1100
11/14,Celtics,Nets,-280,230
11/14,Raptors,Rockets,230,-280
11/14,Spurs,Mavericks,-260,210
11/15,Wizards,Heat,110,-130
11/15,Jazz,Knicks,145,-170
11/15,Kings,Hawks,170,-200
11/15,Spurs,Timberwolves,175,-210
11/15,Cavaliers,Hornets,-110,-110
11/15,Raptors,Pelicans,130,-150
11/15,Bulls,Thunder,750,-1200
11/15,Pacers,Grizzlies,130,-150
11/15,Pistons,Bucks,160,-190
11/15,Magic,Trail Blazers,180,-220
11/15,76ers,Lakers,-170,145
11/16,Warriors,Celtics,-310,250
11/16,Rockets,Suns,-1000,650
11/17,Pistons,Pacers,100,-120
11/17,Heat,Wizards,160,-190
11/17,Knicks,Raptors,270,-340
11/17,Clippers,Cavaliers,210,-260
11/17,Jazz,Nets,115,-135
11/17,Thunder,Spurs,-125,105
11/17,Hornets,Bulls,-280,230
11/17,Timberwolves,Mavericks,-250,200
11/17,Trail Blazers,Kings,-290,235
11/17,Pelicans,Nuggets,170,-200
11/17,Suns,Lakers,255,-320
11/18,Clippers,Hornets,170,-195
11/18,Jazz,Magic,220,-260
11/18,Warriors,76ers,-400,330
11/18,Celtics,Hawks,-260,220
11/18,Rockets,Grizzlies,-285,240
11/18,Bucks,Mavericks,-250,210
11/18,Kings,Trail Blazers,600,-800
11/19,Pacers,Heat,190,-240
11/19,Wizards,Raptors,210,-260
11/19,Warriors,Nets,-800,550
11/19,Pistons,Timberwolves,200,-250
11/19,Bulls,Suns,125,-145
11/19,Nuggets,Lakers,-200,170
11/20,Jazz,76ers,220,-270
11/20,Cavaliers,Pistons,-135,115
11/20,Timberwolves,Hornets,120,-140
11/20,Pacers,Magic,140,-160
11/20,Clippers,Knicks,-130,110
11/20,Trail Blazers,Grizzlies,-120,100
11/20,Wizards,Bucks,140,-160
11/20,Thunder,Pelicans,-150,130
11/20,Hawks,Spurs,350,-450
11/20,Celtics,Mavericks,-300,240
11/20,Nuggets,Kings,-240,190
11/21,Bulls,Lakers,185,-230
11/22,Wizards,Hornets,130,-150
11/22,Nets,Cavaliers,600,-900
11/22,Trail Blazers,76ers,155,-185
11/22,Clippers,Hawks,-150,130
11/22,Raptors,Knicks,-180,150
11/22,Celtics,Heat,-125,105
11/22,Magic,Timberwolves,230,-280
11/22,Warriors,Thunder,-240,190
11/22,Nuggets,Rockets,350,-450
11/22,Mavericks,Grizzlies,200,-250
11/22,Spurs,Pelicans,-105,-115
11/22,Bulls,Jazz,300,-400
11/22,Bucks,Suns,-130,110
11/22,Lakers,Kings,-105,-115
11/24,Trail Blazers,Nets,-180,155
11/24,Knicks,Hawks,-105,-115
11/24,Magic,Celtics,230,-280
11/24,Pistons,Thunder,314,-396
11/24,Heat,Timberwolves,135,-155
11/24,Raptors,Pacers,-125,105
11/24,Hornets,Cavaliers,192,-230
11/24,Grizzlies,Nuggets,207,-250
11/24,Pelicans,Suns,-280,230
11/24,Bulls,Warriors,1098,-2200
11/25,Magic,76ers,180,-220
11/25,Spurs,Hornets,105,-125
11/25,Trail Blazers,Wizards,145,-170
11/25,Raptors,Hawks,-260,210
11/25,Celtics,Pacers,-160,140
11/25,Knicks,Rockets,750,-1400
11/25,Pelicans,Warriors,500,-700
11/25,Thunder,Mavericks,-270,220
11/25,Bucks,Jazz,-115,-105
11/25,Clippers,Kings,-190,160
11/26,Heat,Bulls,-310,250
11/26,Suns,Timberwolves,550,-800
11/26,Nets,Grizzlies,190,-240
11/27,Magic,Pacers,160,-185
11/27,Cavaliers,76ers,110,-130
11/27,Trail Blazers,Knicks,-125,105
11/27,Pistons,Celtics,199,-240
11/27,Nets,Rockets,1453,-4000
11/27,Mavericks,Spurs,344,-440
11/27,Kings,Warriors,711,-1100
11/27,Lakers,Clippers,163,-190
11/28,Heat,Cavaliers,155,-185
11/28,Wizards,Timberwolves,180,-220
11/28,Suns,Bulls,-110,-110
11/28,Nuggets,Jazz,-115,-105
11/28,Bucks,Kings,-270,220
11/29,Wizards,76ers,250,-310
11/29,Suns,Pistons,550,-800
11/29,Thunder,Magic,-260,210
11/29,Hornets,Raptors,270,-340
11/29,Heat,Knicks,100,-120
11/29,Pacers,Rockets,500,-700
11/29,Timberwolves,Pelicans,190,-240
11/29,Grizzlies,Spurs,350,-450
11/29,Nets,Mavericks,190,-240
11/29,Warriors,Lakers,-1200,750
11/30,76ers,Celtics,288,-360
11/30,Cavaliers,Hawks,-330,267
11/30,Bulls,Nuggets,462,-625
11/30,Bucks,Trail Blazers,151,-175
11/30,Jazz,Clippers,-120,100
12/1,Pistons,Wizards,-110,-110
12/1,Warriors,Magic,-675,475
12/1,Pacers,Raptors,240,-300
12/1,Timberwolves,Thunder,190,-240
12/1,Spurs,Grizzlies,-155,135
12/1,Kings,Bulls,-115,-105
12/1,Hornets,Heat,115,-135
12/1,Pelicans,Jazz,-155,135
12/2,Suns,Celtics,600,-900
12/2,Clippers,Mavericks,160,-190
12/2,Hawks,Nets,175,-210
12/2,Pistons,76ers,150,-180
12/2,Grizzlies,Cavaliers,550,-800
12/2,Kings,Bucks,750,-1200
12/2,Lakers,Nuggets,145,-170
12/2,Pelicans,Trail Blazers,250,-310
12/3,Magic,Knicks,-140,120
12/3,Warriors,Heat,-650,450
12/3,Clippers,Timberwolves,600,-900
12/3,Spurs,Thunder,300,-400
12/3,Rockets,Lakers,-900,600
12/4,Knicks,Pacers,500,-700
12/4,Magic,Hornets,240,-300
12/4,Suns,76ers,450,-650
12/4,Bucks,Celtics,175,-210
12/4,Nets,Hawks,-105,-115
12/4,Cavaliers,Bulls,-500,375
12/4,Timberwolves,Grizzlies,-145,125
12/4,Warriors,Pelicans,-450,350
12/4,Nuggets,Mavericks,110,-130
12/4,Pistons,Spurs,145,-170
12/4,Wizards,Jazz,145,-170
12/5,Suns,Raptors,1000,-2000
12/5,Jazz,Thunder,300,-400
12/5,Wizards,Trail Blazers,210,-260
12/6,Hawks,Magic,220,-270
12/6,Bulls,Pacers,425,-600
12/6,Kings,Cavaliers,750,-1200
12/6,Grizzlies,Knicks,105,-125
12/6,Mavericks,Celtics,275,-350
12/6,Nuggets,Pelicans,180,-220
12/6,Warriors,Hornets,-165,142
12/6,Pistons,Bucks,155,-185
12/6,Heat,Spurs,300,-400
12/6,Timberwolves,Clippers,-220,180
12/7,Lakers,76ers,320,-420
12/7,Wizards,Suns,-270,220
12/7,Thunder,Nets,-280,230
12/7,Rockets,Jazz,-250,200
12/8,Bulls,Hornets,416,-550
12/8,Cavaliers,Pacers,-170,148
12/8,Nuggets,Magic,105,-125
12/8,Warriors,Pistons,-240,199
12/8,Kings,Pelicans,394,-515
12/8,Mavericks,Bucks,230,-280
12/8,Raptors,Grizzlies,-200,170
12/8,Celtics,Spurs,115,-135
12/9,Wizards,Clippers,-130,110
12/9,Heat,Nets,-135,115
12/9,Lakers,Hornets,140,-160
12/9,Magic,Hawks,190,-240
12/9,76ers,Cavaliers,190,-240
12/9,Knicks,Bulls,-170,145
12/9,Jazz,Bucks,-105,-115
12/9,Spurs,Suns,-230,185
12/9,Thunder,Grizzlies,-220,180
12/9,Rockets,Trail Blazers,-420,320
12/10,Raptors,Kings,-425,325
12/10,Celtics,Pistons,-120,100
12/10,Nuggets,Pacers,175,-210
12/10,Mavericks,Timberwolves,275,-350
12/10,76ers,Pelicans,225,-275
12/10,Hawks,Knicks,180,-220
12/11,Celtics,Bulls,-240,190
12/11,Heat,Grizzlies,105,-125
12/11,Pelicans,Rockets,800,-1400
12/11,Hornets,Thunder,275,-350
12/11,Trail Blazers,Warriors,300,-400
12/11,Raptors,Clippers,-250,200
12/12,Hawks,Cavaliers,639,-950
12/12,Nuggets,Pistons,226,-275
12/12,Lakers,Knicks,125,-145
12/12,Wizards,Nets,-155,135
12/12,76ers,Timberwolves,166,-195
12/12,Spurs,Mavericks,-255,211
12/12,Suns,Kings,171,-201
12/13,Clippers,Magic,-120,100
12/13,Grizzlies,Wizards,263,-325
12/13,Thunder,Pacers,-115,-105
12/13,Nuggets,Celtics,199,-240
12/13,Trail Blazers,Heat,115,-135
12/13,Jazz,Bulls,-215,180
12/13,Bucks,Pelicans,110,-130
12/13,Raptors,Suns,-850,588
12/13,Hornets,Rockets,619,-910
12/14,Pistons,Hawks,-180,150
12/14,Knicks,Nets,105,-125
12/14,Lakers,Cavaliers,450,-650
12/14,Kings,Timberwolves,500,-700
12/14,Mavericks,Warriors,450,-650
12/15,Pistons,Pacers,185,-230
12/15,Heat,Hornets,175,-210
12/15,Clippers,Wizards,425,-600
12/15,Trail Blazers,Magic,-185,155
12/15,Thunder,76ers,105,-125
12/15,Jazz,Celtics,170,-200
12/15,Nets,Raptors,700,-1100
12/15,Bulls,Bucks,300,-400
12/15,Hawks,Grizzlies,220,-270
12/15,Pelicans,Nuggets,100,-120
12/15,Spurs,Rockets,295,-390
12/16,Trail Blazers,Hornets,145,-170
12/16,Jazz,Cavaliers,400,-550
12/16,Thunder,Knicks,-190,160
12/16,Clippers,Heat,220,-270
12/16,Suns,Timberwolves,600,-900
12/16,Bucks,Rockets,450,-650
12/16,Mavericks,Spurs,200,-250
12/16,Celtics,Grizzlies,-240,190
12/17,Kings,Raptors,600,-900
12/17,Magic,Pistons,320,-420
12/17,Pacers,Nets,-165,142
12/17,Cavaliers,Wizards,110,-130
12/18,Knicks,Hornets,260,-330
12/18,Celtics,Pacers,-140,120
12/18,Heat,Hawks,105,-125
12/18,76ers,Bulls,-130,110
12/18,Nuggets,Thunder,170,-200
12/18,Jazz,Rockets,650,-1000
12/18,Trail Blazers,Timberwolves,150,-180
12/18,Suns,Mavericks,240,-300
12/18,Clippers,Spurs,600,-900
12/18,Warriors,Lakers,-230,185
12/19,Pelicans,Wizards,110,-130
12/19,Kings,76ers,310,-410
12/19,Cavaliers,Bucks,-115,-105
12/20,Raptors,Hornets,-135,115
12/20,Kings,Nets,190,-240
12/20,Pacers,Hawks,-200,170
12/20,Heat,Celtics,350,-450
12/20,Jazz,Thunder,285,-370
12/20,Lakers,Rockets,1000,-2000
12/20,Magic,Bulls,180,-220
12/20,Pistons,Mavericks,105,-125
12/20,Timberwolves,Nuggets,-110,-110
12/20,Spurs,Trail Blazers,130,-150
12/20,Grizzlies,Warriors,425,-600
12/20,Suns,Clippers,190,-240
12/21,Raptors,76ers,-180,150
12/21,Bulls,Cavaliers,550,-800
12/21,Celtics,Knicks,-150,130
12/21,Grizzlies,Suns,-160,140
12/21,Spurs,Jazz,-135,115
12/22,Knicks,Pistons,230,-280
12/22,Pelicans,Magic,-250,200
12/22,Wizards,Nets,-270,220
12/22,Mavericks,Heat,-125,105
12/22,Hawks,Thunder,500,-700
12/22,Clippers,Rockets,600,-900
12/22,Hornets,Bucks,175,-210
12/22,Nuggets,Trail Blazers,-130,110
12/22,Lakers,Warriors,600,-900
12/23,76ers,Raptors,255,-320
12/23,Magic,Wizards,650,-1000
12/23,Nets,Pacers,400,-550
12/23,Bucks,Hornets,150,-180
12/23,Bulls,Celtics,280,-360
12/23,Mavericks,Hawks,-125,105
12/23,Pelicans,Heat,-150,130
12/23,Clippers,Grizzlies,125,-145
12/23,Thunder,Jazz,105,-125
12/23,Nuggets,Warriors,300,-400
12/23,Timberwolves,Suns,-360,280
12/23,Trail Blazers,Lakers,140,-160
12/23,Spurs,Kings,-260,210
12/25,76ers,Knicks,-120,100
12/25,Cavaliers,Warriors,150,-180
12/25,Wizards,Celtics,150,-180
12/25,Rockets,Thunder,120,-140
12/25,Timberwolves,Lakers,-250,200
12/26,Raptors,Mavericks,-250,200
12/26,Pacers,Pistons,110,-130
12/26,Magic,Heat,300,-400
12/26,Bulls,Bucks,250,-310
12/26,Nets,Spurs,575,-850
12/26,Jazz,Nuggets,210,-260
12/26,Grizzlies,Suns,-120,100
12/26,Kings,Clippers,190,-240
12/27,Celtics,Hornets,-111,-109
12/27,Mavericks,Pacers,144,-165
12/27,Wizards,Hawks,-215,180
12/27,Nets,Pelicans,351,-450
12/27,Knicks,Bulls,105,-125
12/27,Raptors,Thunder,148,-170
12/27,Nuggets,Timberwolves,160,-185
12/27,Cavaliers,Kings,-525,400
12/27,Grizzlies,Lakers,140,-160
12/27,Jazz,Warriors,534,-750
12/28,Pistons,Magic,-180,150
12/28,Rockets,Celtics,-120,100
12/28,Timberwolves,Bucks,160,-190
12/28,Knicks,Spurs,450,-650
12/28,76ers,Trail Blazers,-145,125
12/29,Rockets,Wizards,-125,105
12/29,Hawks,Raptors,500,-700
12/29,Pacers,Bulls,135,-155
12/29,Bucks,Thunder,220,-270
12/29,Mavericks,Pelicans,235,-290
12/29,Nets,Heat,200,-250
12/29,Suns,Kings,120,-140
12/29,Clippers,Lakers,-155,135
12/29,Hornets,Warriors,450,-650
12/30,Knicks,Pelicans,180,-220
12/30,Heat,Magic,-125,105
12/30,Spurs,Pistons,-190,160
12/30,Trail Blazers,Hawks,-135,115
12/30,Cavaliers,Jazz,-155,135
12/30,Grizzlies,Warriors,900,-1600
12/30,76ers,Nuggets,240,-300
12/31,Bulls,Wizards,280,-360
12/31,Timberwolves,Pacers,-150,130
12/31,Nets,Celtics,375,-500
12/31,Mavericks,Thunder,280,-360
12/31,Grizzlies,Kings,110,-130
12/31,Lakers,Rockets,1000,-2000
12/31,Hornets,Clippers,115,-135
12/31,76ers,Suns,-160,140
1/1,Magic,Nets,105,-125
1/1,Bucks,Raptors,200,-250
1/1,Lakers,Timberwolves,425,-600
1/1,Trail Blazers,Bulls,130,-150
1/2,Trail Blazers,Cavaliers,375,-500
1/2,Spurs,Knicks,-220,180
1/2,Hawks,Suns,-105,-115
1/2,Hornets,Kings,-180,150
1/2,Grizzlies,Clippers,210,-260
1/3,Knicks,Wizards,350,-450
1/3,Spurs,76ers,160,-190
1/3,Rockets,Magic,-330,260
1/3,Timberwolves,Nets,-260,210
1/3,Pistons,Heat,165,-195
1/3,Pacers,Bucks,260,-330
1/3,Raptors,Bulls,-190,160
1/3,Cavaliers,Celtics,130,-150
1/3,Warriors,Mavericks,-360,280
1/3,Suns,Nuggets,600,-900
1/3,Pelicans,Jazz,-105,-115
1/3,Thunder,Lakers,-250,200
1/4,Warriors,Rockets,-190,160
1/4,Thunder,Clippers,-120,100
1/5,Knicks,Heat,215,-265
1/5,Pistons,76ers,180,-220
1/5,Timberwolves,Celtics,140,-160
1/5,Raptors,Bucks,-110,-110
1/5,Bulls,Mavericks,150,-180
1/5,Suns,Spurs,600,-900
1/5,Jazz,Nuggets,225,-275
1/5,Wizards,Grizzlies,-190,160
1/5,Hawks,Trail Blazers,270,-340
1/5,Hornets,Lakers,-140,120
1/6,Warriors,Clippers,-400,300
1/6,Celtics,Nets,-150,130
1/6,Bulls,Pacers,210,-260
1/6,Cavaliers,Magic,-450,350
1/6,Rockets,Pistons,-250,200
1/6,Bucks,Wizards,140,-160
1/6,Pelicans,Timberwolves,100,-120
1/6,Nuggets,Kings,-350,275
1/7,Jazz,Heat,140,-160
1/7,Knicks,Mavericks,180,-220
1/7,Thunder,Suns,-425,325
1/7,Spurs,Trail Blazers,100,-120
1/7,Hawks,Lakers,145,-170
1/8,Bucks,Pacers,100,-120
1/8,Raptors,Nets,-310,252
1/8,Cavaliers,Timberwolves,-115,-105
1/8,Rockets,Bulls,-235,195
1/8,Pistons,Pelicans,215,-260
1/8,Spurs,Kings,-215,180
1/8,Hawks,Clippers,160,-185
1/8,Nuggets,Warriors,447,-600
1/9,Heat,Raptors,150,-180
1/9,Trail Blazers,Thunder,300,-400
1/9,Magic,Mavericks,270,-340
1/9,Kings,Lakers,290,-380
1/10,Heat,Pacers,150,-180
1/10,Jazz,Wizards,280,-360
1/10,Mavericks,Hornets,235,-290
1/10,Pistons,Nets,-130,110
1/10,Bulls,Knicks,175,-210
1/10,Magic,Bucks,500,-700
1/10,Pelicans,Grizzlies,-105,-115
1/10,Trail Blazers,Rockets,240,-300
1/10,Thunder,Timberwolves,150,-180
1/10,Hawks,Nuggets,375,-500
1/10,Clippers,Warriors,600,-900
1/11,Cavaliers,Raptors,-150,130
1/11,Clippers,Kings,-170,145
1/11,Spurs,Lakers,-135,115
1/11,Celtics,76ers,-130,110
1/12,Cavaliers,Pacers,-125,105
1/12,Jazz,Hornets,170,-200
1/12,Magic,Wizards,550,-800
1/12,Nets,Hawks,130,-150
1/12,Knicks,Timberwolves,350,-450
1/12,Trail Blazers,Pelicans,155,-185
1/12,Warriors,Bucks,-200,170
1/12,Grizzlies,Nuggets,230,-280
1/12,Rockets,Suns,-350,275
1/13,Lakers,Mavericks,170,-200
1/13,Kings,Clippers,250,-310
1/13,Thunder,Hornets,-130,110
1/13,Nets,Wizards,360,-470
1/13,Warriors,Raptors,-210,175
1/13,Pistons,Bulls,-120,100
1/13,Nuggets,Spurs,260,-330
1/14,Bucks,Heat,105,-125
1/14,Pelicans,Knicks,-135,115
1/14,Pacers,Suns,-170,145
1/14,Trail Blazers,Timberwolves,200,-250
1/15,Hornets,Pistons,130,-150
1/15,Raptors,76ers,-130,110
1/15,Bucks,Wizards,180,-220
1/15,Spurs,Hawks,-240,190
1/15,Knicks,Nets,140,-160
1/15,Heat,Bulls,100,-120
1/15,Lakers,Grizzlies,150,-180
1/15,Warriors,Cavaliers,-240,190
1/15,Kings,Thunder,700,-1100
1/15,Pacers,Jazz,170,-200
1/15,Rockets,Clippers,-200,170
1/16,Timberwolves,Magic,-400,300
1/16,Pelicans,Celtics,180,-220
1/16,Mavericks,Nuggets,230,-280
1/16,Suns,Trail Blazers,450,-650
1/17,Wizards,Hornets,105,-125
1/17,Pistons,Raptors,350,-450
1/17,Spurs,Nets,-220,180
1/17,Pelicans,Hawks,-140,120
1/17,Heat,Bucks,160,-190
1/17,Knicks,Grizzlies,-135,115
1/17,Warriors,Bulls,-440,340
1/17,Lakers,Thunder,400,-550
1/17,Jazz,Kings,-180,150
1/17,Nuggets,Clippers,150,-180
1/18,Magic,Cavaliers,625,-950
1/18,76ers,Celtics,130,-150
1/18,Timberwolves,Rockets,175,-210
1/18,Pacers,Trail Blazers,160,-190
1/19,Spurs,Raptors,200,-250
1/19,Heat,Nets,-165,142
1/19,Wizards,Pistons,100,-120
1/19,Kings,Grizzlies,200,-250
1/19,Suns,Nuggets,375,-500
1/19,Knicks,Jazz,185,-230
1/19,Pacers,Lakers,-135,115
1/20,Thunder,Cavaliers,130,-150
1/20,Bulls,Hawks,110,-130
1/20,Grizzlies,Pelicans,350,-450
1/20,Heat,Hornets,240,-300
1/20,Bucks,76ers,260,-330
1/20,Warriors,Rockets,-150,130
1/20,Clippers,Jazz,125,-145
1/20,Raptors,Timberwolves,-125,105
1/20,Mavericks,Trail Blazers,180,-220
1/21,Magic,Celtics,500,-700
1/21,Knicks,Lakers,-130,110
1/21,Nets,Pistons,210,-260
1/21,Pacers,Spurs,200,-250
1/22,Kings,Hornets,450,-650
1/22,Jazz,Hawks,-145,125
1/22,Bulls,Pelicans,230,-280
1/22,Heat,Rockets,550,-800
1/22,76ers,Grizzlies,-150,130
1/22,Suns,Bucks,180,-220
1/22,Wizards,Mavericks,-125,105
1/22,Trail Blazers,Nuggets,135,-155
1/22,Timberwolves,Clippers,115,-135
1/23,Kings,Magic,256,-315
1/23,Cavaliers,Spurs,-140,120
1/23,Nets,Thunder,410,-540
1/23,Knicks,Warriors,1284,-3000
1/23,Celtics,Lakers,-215,180
1/24,Bulls,76ers,200,-250
1/24,Pelicans,Hornets,120,-140
1/24,Jazz,Pistons,110,-130
1/24,Suns,Pacers,235,-290
1/24,Raptors,Hawks,-280,230
1/24,Spurs,Grizzlies,-120,100
1/24,Rockets,Mavericks,-280,230
1/24,Timberwolves,Trail Blazers,135,-155
1/24,Celtics,Clippers,140,-160
1/25,Kings,Heat,360,-470
1/25,Wizards,Thunder,180,-220
1/25,Knicks,Nuggets,230,-280
1/25,Timberwolves,Warriors,700,-1100
1/26,Hawks,Hornets,230,-280
1/26,Pacers,Cavaliers,220,-270
1/26,Jazz,Raptors,320,-420
1/26,Rockets,Pelicans,-200,170
1/26,Nets,Bucks,220,-270
1/26,Clippers,Grizzlies,-190,160
1/26,Lakers,Bulls,150,-180
1/26,76ers,Spurs,135,-155
1/26,Trail Blazers,Mavericks,-125,105
1/26,Knicks,Suns,-130,110
1/27,Thunder,Pistons,-180,150
1/27,Magic,Pacers,210,-260
1/27,Wizards,Hawks,-170,145
1/27,Hornets,Heat,145,-170
1/27,Celtics,Warriors,525,-750
1/27,Nets,Timberwolves,525,-750
1/27,Mavericks,Nuggets,280,-360
1/28,Suns,Rockets,1000,-2000
1/28,Bucks,Bulls,-145,125
1/28,Clippers,Pelicans,115,-135
1/28,Lakers,Raptors,500,-700
1/28,Pistons,Cavaliers,280,-360
1/28,76ers,Thunder,140,-160
1/28,Kings,Spurs,600,-900
1/29,Hornets,Pacers,105,-125
1/29,Timberwolves,Hawks,-270,220
1/29,Suns,Grizzlies,290,-380
1/29,76ers,Bucks,200,-250
1/29,Heat,Mavericks,-130,110
1/29,Celtics,Nuggets,100,-120
1/30,Thunder,Wizards,-160,140
1/30,Nets,Knicks,200,-250
1/30,Timberwolves,Raptors,225,-275
1/30,Cavaliers,Pistons,-260,210
1/30,Magic,Rockets,800,-1400
1/30,Kings,Pelicans,400,-550
1/30,Nuggets,Spurs,235,-290
1/30,Warriors,Jazz,-400,300
1/30,Trail Blazers,Clippers,-155,135
1/31,Grizzlies,Pacers,300,-400
1/31,Lakers,Magic,-150,130
1/31,76ers,Nets,-370,285
1/31,Heat,Cavaliers,125,-145
1/31,Hornets,Hawks,-140,120
1/31,Knicks,Celtics,190,-240
1/31,Bulls,Trail Blazers,290,-380
1/31,Mavericks,Suns,-140,120
2/1,Raptors,Wizards,-190,160
2/1,Grizzlies,Pistons,320,-420
2/1,Rockets,Spurs,-145,125
2/1,Bucks,Timberwolves,210,-260
2/1,Thunder,Nuggets,-125,105
2/2,Pacers,Hornets,145,-170
2/2,Hawks,Celtics,240,-300
2/2,Trail Blazers,Raptors,170,-200
2/2,Lakers,Nets,-105,-115
2/2,Heat,76ers,150,-180
2/2,Knicks,Bucks,160,-190
2/2,Jazz,Suns,-260,210
2/2,Pelicans,Thunder,220,-270
2/2,Warriors,Kings,-1400,800
2/3,Bulls,Clippers,350,-450
2/3,Wizards,Magic,-200,170
2/3,76ers,Pacers,100,-120
2/3,Heat,Pistons,170,-200
2/3,Rockets,Cavaliers,-165,142
2/3,Pelicans,Timberwolves,300,-400
2/3,Jazz,Spurs,220,-270
2/3,Warriors,Nuggets,-220,180
2/3,Mavericks,Kings,-190,160
2/4,Hawks,Knicks,180,-220
2/4,Bucks,Nets,-200,170
2/4,Grizzlies,Raptors,600,-900
2/4,Trail Blazers,Celtics,-125,105
2/4,Lakers,Thunder,400,-550
2/4,Hornets,Suns,-275,225
2/5,Trail Blazers,Pistons,130,-150
2/5,Wizards,Pacers,-150,130
2/5,Magic,Heat,325,-425
2/5,Jazz,Pelicans,-110,-110
2/5,Hornets,Nuggets,150,-180
2/5,Bulls,Kings,110,-130
2/5,Mavericks,Clippers,220,-270
2/6,Cavaliers,Magic,-300,240
2/6,Rockets,Nets,-850,575
2/6,Bucks,Knicks,105,-125
2/6,Grizzlies,Hawks,140,-160
2/6,Celtics,Raptors,175,-210
2/6,Wizards,76ers,230,-280
2/6,Suns,Lakers,280,-360
2/6,Thunder,Warriors,425,-600
2/7,Nets,Pistons,375,-500
2/7,Rockets,Heat,-195,165
2/7,Timberwolves,Cavaliers,-160,140
2/7,Jazz,Grizzlies,-300,240
2/7,Spurs,Suns,-650,450
2/8,Hawks,Magic,-125,105
2/8,Knicks,Raptors,850,-1500
2/8,Celtics,Wizards,-135,115
2/8,Hornets,Trail Blazers,145,-170
2/8,Thunder,Lakers,105,-125
2/8,Mavericks,Warriors,850,-1500
2/9,Pelicans,76ers,200,-250
2/9,Clippers,Pistons,145,-170
2/9,Cavaliers,Hawks,-135,115
2/9,Pacers,Celtics,155,-185
2/9,Bucks,Heat,105,-125
2/9,Timberwolves,Bulls,-340,270
2/9,Nuggets,Rockets,300,-400
2/9,Hornets,Jazz,220,-270
2/9,Trail Blazers,Kings,-220,180
2/10,Pelicans,Nets,-140,120
2/10,Bucks,Magic,-220,180
2/10,Clippers,76ers,180,-220
2/10,Wizards,Bulls,-230,185
2/10,Spurs,Warriors,525,-750
2/10,Lakers,Mavericks,145,-170
2/10,Nuggets,Suns,-325,260
2/11,Raptors,Hornets,-155,135
2/11,Cavaliers,Celtics,160,-190
2/11,Pistons,Hawks,-170,145
2/11,Knicks,Pacers,280,-360
2/11,Kings,Timberwolves,750,-1200
2/11,Grizzlies,Thunder,160,-190
2/11,Mavericks,Rockets,1000,-2000
2/11,Jazz,Trail Blazers,145,-170
2/12,Knicks,76ers,525,-750
2/12,Pelicans,Pistons,140,-160
2/12,Clippers,Nets,-200,170
2/12,Magic,Bulls,175,-210
2/12,Spurs,Jazz,150,-180
2/12,Suns,Warriors,1300,-3500
2/13,Heat,Raptors,300,-400
2/13,Hawks,Bucks,250,-310
2/13,Rockets,Timberwolves,-160,140
2/13,Cavaliers,Thunder,140,-160
2/13,Kings,Mavericks,230,-280
2/13,Spurs,Nuggets,230,-280
2/14,Hawks,Pistons,500,-700
2/14,Heat,76ers,145,-170
2/14,Hornets,Magic,-260,210
2/14,Pacers,Nets,-160,140
2/14,Wizards,Knicks,-190,160
2/14,Raptors,Bulls,-290,235
2/14,Kings,Rockets,1000,-2000
2/14,Clippers,Celtics,170,-200
2/14,Lakers,Pelicans,185,-230
2/14,Thunder,Grizzlies,-200,170
2/14,Suns,Jazz,525,-750
2/14,Warriors,Trail Blazers,-270,220
2/15,Nuggets,Bucks,110,-130
2/15,Lakers,Timberwolves,450,-650
2/22,Nets,Hornets,320,-420
2/22,Knicks,Magic,140,-160
2/22,Wizards,Cavaliers,240,-300
2/22,76ers,Bulls,-300,240
2/22,Thunder,Kings,-360,280
2/22,Clippers,Warriors,525,-750
2/23,Celtics,Pistons,-135,115
2/23,Hawks,Pacers,255,-320
2/23,Hornets,Wizards,150,-180
2/23,Bucks,Raptors,280,-360
2/23,Heat,Pelicans,115,-135
2/23,Cavaliers,Grizzlies,-230,185
2/23,Timberwolves,Rockets,300,-400
2/23,Spurs,Nuggets,145,-170
2/23,Trail Blazers,Jazz,160,-190
2/23,Clippers,Suns,-240,190
2/23,Mavericks,Lakers,165,-195
2/24,Magic,76ers,425,-600
2/24,Celtics,Knicks,-260,210
2/24,Grizzlies,Heat,400,-550
2/24,Thunder,Warriors,450,-650
2/24,Mavericks,Jazz,425,-600
2/24,Trail Blazers,Suns,-280,230
2/24,Bulls,Timberwolves,275,-350
2/24,Lakers,Kings,-125,105
2/25,Pistons,Hornets,155,-185
2/25,Pelicans,Bucks,155,-185
2/25,Spurs,Cavaliers,160,-190
2/25,Rockets,Nuggets,-200,170
2/25,76ers,Wizards,105,-125
2/26,Pistons,Raptors,500,-700
2/26,Bulls,Nets,160,-190
2/26,Grizzlies,Celtics,750,-1200
2/26,Lakers,Hawks,-130,110
2/26,Warriors,Knicks,-1400,800
2/26,Suns,Pelicans,250,-310
2/26,Magic,Thunder,500,-700
2/26,Pacers,Mavericks,-150,130
2/26,Rockets,Jazz,-125,105
2/26,Timberwolves,Kings,-210,175
2/27,Bulls,Hornets,650,-1000
2/27,Nets,Cavaliers,550,-800
2/27,76ers,Heat,-105,-115
2/27,Wizards,Bucks,130,-150
2/27,Kings,Trail Blazers,700,-1100
2/27,Clippers,Nuggets,185,-230
2/28,Bucks,Pistons,-105,-115
2/28,Raptors,Magic,-500,375
2/28,Pacers,Hawks,-180,150
2/28,Hornets,Celtics,280,-360
2/28,Suns,Grizzlies,125,-145
2/28,Warriors,Wizards,-470,360
2/28,Pelicans,Spurs,170,-200
2/28,Thunder,Mavericks,-220,180
2/28,Rockets,Clippers,-425,325
3/1,Lakers,Heat,180,-220
3/1,76ers,Cavaliers,130,-150
3/1,Nets,Kings,-140,120
3/1,Timberwolves,Trail Blazers,190,-240
3/2,Pistons,Magic,-140,120
3/2,Hornets,76ers,142,-165
3/2,Warriors,Hawks,-1200,750
3/2,Mavericks,Bulls,-140,120
3/2,Nuggets,Grizzlies,-440,340
3/2,Raptors,Wizards,-150,130
3/2,Pacers,Bucks,145,-170
3/2,Thunder,Suns,-380,290
3/2,Timberwolves,Jazz,270,-340
3/2,Knicks,Clippers,350,-450
3/3,Grizzlies,Magic,240,-300
3/3,Nuggets,Cavaliers,150,-180
3/3,Pistons,Heat,180,-220
3/3,Celtics,Rockets,300,-400
3/3,Lakers,Spurs,200,-250
3/3,Jazz,Kings,-330,260
3/3,Thunder,Trail Blazers,160,-190
3/4,Suns,Hawks,105,-125
3/4,Pacers,Wizards,150,-180
3/4,Hornets,Raptors,325,-425
3/4,Pelicans,Mavericks,-180,150
3/4,76ers,Bucks,-120,100
3/4,Knicks,Kings,-140,120
3/4,Nets,Clippers,275,-350
3/5,Pistons,Cavaliers,225,-275
3/5,Bucks,Pacers,120,-140
3/5,Suns,Heat,400,-550
3/5,Celtics,Bulls,-310,250
3/5,Grizzlies,Spurs,700,-1100
3/5,Magic,Jazz,375,-500
3/5,Trail Blazers,Lakers,-135,115
3/6,76ers,Hornets,-130,110
3/6,Heat,Wizards,150,-180
3/6,Hawks,Raptors,800,-1400
3/6,Rockets,Thunder,-230,185
3/6,Nuggets,Mavericks,-280,230
3/6,Knicks,Trail Blazers,400,-550
3/6,Pelicans,Clippers,110,-130
3/6,Nets,Warriors,1100,-2500
3/7,Jazz,Pacers,-120,100
3/7,Grizzlies,Bulls,145,-170
3/7,Rockets,Bucks,-250,200
3/7,Raptors,Pistons,-240,190
3/7,Pelicans,Kings,-250,200
3/7,Cavaliers,Nuggets,135,-155
3/7,Magic,Lakers,235,-290
3/8,Nets,Hornets,260,-330
3/8,76ers,Heat,-110,-110
3/8,Celtics,Timberwolves,-140,120
3/8,Suns,Thunder,500,-700
3/8,Spurs,Warriors,550,-800
3/9,Hawks,Pacers,360,-470
3/9,Bulls,Pistons,290,-380
3/9,Rockets,Raptors,-145,125
3/9,Knicks,Bucks,425,-600
3/9,Jazz,Grizzlies,-600,425
3/9,Wizards,Pelicans,-155,135
3/9,Lakers,Nuggets,240,-300
3/9,Warriors,Trail Blazers,110,-130
3/9,Magic,Kings,115,-135
3/9,Cavaliers,Clippers,-125,105
3/10,Suns,Hornets,800,-1400
3/10,Wizards,Heat,150,-180
3/10,Spurs,Thunder,150,-180
3/10,Grizzlies,Mavericks,400,-550
3/10,Magic,Clippers,650,-1000
3/11,Raptors,Knicks,-650,450
3/11,Bulls,Hawks,110,-130
3/11,Warriors,Timberwolves,-165,142
3/11,Jazz,Pelicans,-120,100
3/11,Kings,Nuggets,650,-1000
3/11,Rockets,Mavericks,-700,500
3/11,Pacers,Celtics,170,-200
3/11,76ers,Nets,-250,200
3/11,Cavaliers,Lakers,-135,115
3/12,Bucks,Grizzlies,-360,280
3/12,Kings,Thunder,900,-1600
3/12,Spurs,Rockets,650,-1000
3/12,Heat,Trail Blazers,190,-240
3/13,Timberwolves,Wizards,135,-155
3/13,Pacers,76ers,230,-280
3/13,Raptors,Nets,-500,375
3/13,Mavericks,Knicks,-105,-115
3/13,Thunder,Hawks,-260,210
3/13,Clippers,Bulls,-400,300
3/13,Hornets,Pelicans,170,-200
3/13,Magic,Spurs,450,-650
3/13,Pistons,Jazz,350,-450
3/13,Cavaliers,Suns,-370,285
3/13,Nuggets,Lakers,-130,110
3/14,Bucks,Magic,-650,450
3/14,Wizards,Celtics,-190,160
3/14,Heat,Kings,-300,240
3/14,Lakers,Warriors,200,-250
3/15,Raptors,Pacers,-175,151
3/15,Hornets,Hawks,-235,195
3/15,76ers,Knicks,-640,471
3/15,Clippers,Rockets,664,-1000
3/15,Bulls,Grizzlies,120,-140
3/15,Pelicans,Spurs,160,-185
3/15,Suns,Jazz,980,-1800
3/15,Pistons,Nuggets,317,-400
3/15,Cavaliers,Trail Blazers,180,-215
3/16,Celtics,Magic,-275,226
3/16,Nets,76ers,317,-400
3/16,Mavericks,Raptors,471,-640
3/16,Clippers,Thunder,218,-265
3/16,Kings,Warriors,317,-400
3/16,Heat,Lakers,110,-130
3/17,Hawks,Bucks,600,-900
3/17,Pacers,Wizards,160,-190
3/17,Rockets,Pelicans,-420,320
3/17,Mavericks,Nets,170,-200
3/17,Hornets,Knicks,-300,240
3/17,Nuggets,Grizzlies,-340,270
3/17,Cavaliers,Bulls,-350,275
3/17,Timberwolves,Spurs,160,-190
3/17,Kings,Jazz,1200,-3000
3/17,Warriors,Suns,-210,175
3/17,Pistons,Trail Blazers,365,-480
3/18,Thunder,Raptors,210,-260
3/18,Celtics,Pelicans,135,-155
3/18,Rockets,Timberwolves,-330,260
3/18,Trail Blazers,Clippers,110,-130
3/19,Bucks,Cavaliers,130,-150
3/19,Lakers,Pacers,180,-220
3/19,Hornets,76ers,325,-425
3/19,Nuggets,Heat,105,-125
3/19,Bulls,Knicks,180,-220
3/19,Grizzlies,Nets,300,-400
3/19,Warriors,Spurs,290,-380
3/19,Pistons,Kings,-170,145
3/20,Raptors,Magic,-500,375
3/20,Mavericks,Pelicans,250,-310
3/20,Clippers,Timberwolves,145,-170
3/20,Thunder,Celtics,-230,185
3/20,Hawks,Jazz,900,-1600
3/20,Pistons,Suns,-370,285
3/20,Rockets,Trail Blazers,-190,160
3/21,Raptors,Cavaliers,-120,100
3/21,Grizzlies,76ers,800,-1400
3/21,Knicks,Heat,425,-600
3/21,Hornets,Nets,-120,100
3/21,Clippers,Bucks,185,-230
3/21,Nuggets,Bulls,-500,375
3/21,Wizards,Spurs,185,-230
3/21,Pacers,Pelicans,100,-120
3/22,76ers,Magic,-400,300
3/22,Grizzlies,Hornets,350,-450
3/22,Lakers,Pelicans,120,-140
3/22,Pistons,Rockets,650,-1000
3/22,Jazz,Mavericks,-450,350
3/22,Hawks,Kings,140,-160
3/23,Clippers,Pacers,145,-170
3/23,Nuggets,Wizards,105,-125
3/23,Timberwolves,Knicks,-270,220
3/23,Suns,Cavaliers,1300,-3500
3/23,Nets,Raptors,650,-1000
3/23,Heat,Thunder,225,-275
3/23,Bucks,Bulls,-190,160
3/23,Jazz,Spurs,140,-160
3/23,Celtics,Trail Blazers,290,-380
3/23,Hawks,Warriors,600,-900
3/24,Timberwolves,76ers,300,-400
3/24,Bulls,Pistons,800,-1400
3/24,Suns,Magic,260,-330
3/24,Lakers,Grizzlies,-290,235
3/24,Pelicans,Rockets,360,-470
3/24,Hornets,Mavericks,-145,125
3/25,Cavaliers,Nets,-330,260
3/25,Spurs,Bucks,-125,105
3/25,Heat,Pacers,130,-150
3/25,Celtics,Kings,-275,225
3/25,Knicks,Wizards,500,-700
3/25,Clippers,Raptors,325,-425
3/25,Trail Blazers,Thunder,150,-180
3/25,Hawks,Rockets,1100,-2500
3/25,Jazz,Warriors,-550,400
3/26,Lakers,Pistons,172,-205
3/26,Knicks,Hornets,614,-900
3/26,Nuggets,76ers,192,-230
3/26,Grizzlies,Timberwolves,837,-1400
3/26,Celtics,Suns,-650,477
3/27,Spurs,Wizards,-135,115
3/27,Nuggets,Raptors,300,-400
3/27,Trail Blazers,Pelicans,-130,110
3/27,Bulls,Rockets,900,-1600
3/27,Cavaliers,Heat,-135,115
3/27,Mavericks,Kings,125,-145
3/27,Bucks,Clippers,130,-150
3/27,Pacers,Warriors,-400,300
3/28,Nets,Magic,-140,120
3/28,Knicks,76ers,1000,-2000
3/28,Cavaliers,Hornets,100,-120
3/28,Hawks,Timberwolves,700,-1100
3/28,Trail Blazers,Grizzlies,-275,225
3/28,Celtics,Jazz,525,-750
3/28,Clippers,Suns,-1000,650
3/28,Mavericks,Lakers,280,-360
3/29,Wizards,Pistons,-140,120
3/29,Bulls,Heat,900,-1600
3/29,Thunder,Spurs,105,-125
3/29,Pacers,Kings,-350,275
3/29,Bucks,Warriors,150,-180
3/30,Bulls,Magic,220,-270
3/30,76ers,Hawks,-410,310
3/30,Pelicans,Cavaliers,185,-230
3/30,Nuggets,Thunder,150,-180
3/30,Suns,Rockets,1800,-8000
3/30,Timberwolves,Mavericks,-255,205
3/30,Grizzlies,Jazz,1200,-3000
3/30,Bucks,Lakers,-120,100
3/30,Clippers,Trail Blazers,190,-240
3/31,Hornets,Wizards,200,-250
3/31,Pistons,Knicks,-190,160
3/31,Raptors,Celtics,-200,170
3/31,Nets,Heat,320,-420
3/31,Warriors,Kings,-430,330
4/1,76ers,Hornets,-145,125
4/1,Wizards,Bulls,-330,260
4/1,Rockets,Spurs,-105,-115
4/1,Pacers,Clippers,140,-160
4/1,Mavericks,Cavaliers,550,-800
4/1,Thunder,Pelicans,-120,100
4/1,Magic,Hawks,110,-130
4/1,Pistons,Nets,-120,100
4/1,Jazz,Timberwolves,-150,130
4/1,Bucks,Nuggets,180,-220
4/1,Suns,Warriors,1200,-3000
4/1,Grizzlies,Trail Blazers,1200,-3000
4/1,Kings,Lakers,260,-330
4/3,Nets,76ers,350,-450
4/3,Raptors,Cavaliers,110,-130
4/3,Hawks,Heat,900,-1600
4/3,Magic,Knicks,100,-120
4/3,Wizards,Rockets,325,-425
4/3,Celtics,Bucks,165,-195
4/3,Warriors,Thunder,150,-180
4/3,Hornets,Bulls,-240,190
4/3,Trail Blazers,Mavericks,-330,260
4/3,Pacers,Nuggets,170,-200
4/3,Lakers,Jazz,600,-900
4/3,Kings,Suns,-145,125
4/3,Spurs,Clippers,-135,115
4/4,Celtics,Raptors,270,-340
4/4,76ers,Pistons,-135,115
4/4,Mavericks,Magic,105,-125
4/4,Heat,Hawks,-340,270
4/4,Grizzlies,Pelicans,900,-1600
4/4,Spurs,Lakers,-280,230
4/5,Warriors,Pacers,-150,130
4/5,Trail Blazers,Rockets,600,-900
4/5,Wizards,Cavaliers,210,-260
4/5,Nets,Bucks,400,-550
4/5,Clippers,Jazz,270,-340
4/5,Timberwolves,Nuggets,160,-190
4/6,Hornets,Magic,-330,260
4/6,Mavericks,Pistons,260,-330
4/6,Hawks,Wizards,575,-850
4/6,Cavaliers,76ers,145,-170
4/6,Bulls,Celtics,260,-330
4/6,Pacers,Raptors,275,-350
4/6,Heat,Knicks,-400,300
4/6,Kings,Grizzlies,-170,145
4/6,Pelicans,Suns,-1200,750
4/6,Timberwolves,Lakers,-230,185
4/7,Nuggets,Clippers,-180,155
4/7,Bucks,Knicks,-255,211
4/7,Nets,Bulls,-215,180
4/7,Pelicans,Warriors,207,-250
4/7,Thunder,Rockets,155,-180
4/7,Trail Blazers,Spurs,184,-220
4/8,Mavericks,76ers,800,-1400
4/8,Pacers,Hornets,100,-120
4/8,Hawks,Celtics,400,-550
4/8,Pistons,Grizzlies,-260,210
4/8,Magic,Raptors,500,-700
4/8,Jazz,Lakers,-550,400
4/8,Warriors,Suns,-1050,675
4/9,Raptors,Pistons,-270,220
4/9,Cavaliers,Knicks,-1400,800
4/9,Bulls,Nets,230,-280
4/9,Thunder,Heat,-200,170
4/9,Grizzlies,Timberwolves,1400,-4000
4/9,Magic,Bucks,450,-650
4/9,Kings,Spurs,1000,-2000
4/9,Trail Blazers,Nuggets,160,-190
4/9,Pelicans,Clippers,-500,375
4/10,Hornets,Pacers,115,-135
4/10,76ers,Hawks,-650,450
4/10,Celtics,Wizards,275,-350
4/10,Suns,Mavericks,120,-140
4/10,Warriors,Jazz,300,-400
4/10,Rockets,Lakers,-400,300
4/11,Raptors,Heat,120,-140
4/11,Knicks,Cavaliers,300,-400
4/11,Bucks,76ers,200,-250
4/11,Nuggets,Timberwolves,135,-155
4/11,Grizzlies,Thunder,1500,-5000
4/11,Spurs,Pelicans,140,-160
4/11,Wizards,Magic,-270,220
4/11,Nets,Celtics,-195,165
4/11,Pistons,Bulls,-200,170
4/11,Jazz,Trail Blazers,115,-135
4/11,Rockets,Kings,115,-135
4/11,Lakers,Clippers,125,-145
4/14,Spurs,Warriors,300,-400
4/14,Wizards,Raptors,275,-350
4/14,Heat,76ers,200,-250
4/14,Pelicans,Trail Blazers,190,-240
4/15,Bucks,Celtics,143,-163
4/15,Pacers,Cavaliers,296,-370
4/15,Jazz,Thunder,151,-175
4/15,Timberwolves,Rockets,797,-1300
4/16,Heat,76ers,250,-310
4/16,Spurs,Warriors,450,-650
4/17,Wizards,Raptors,250,-310
4/17,Bucks,Celtics,-110,-110
4/17,Pelicans,Trail Blazers,230,-280
4/18,Pacers,Cavaliers,350,-450
4/18,Jazz,Thunder,145,-170
4/18,Timberwolves,Rockets,575,-850
4/19,76ers,Heat,-140,120
4/19,Trail Blazers,Pelicans,150,-180
4/19,Warriors,Spurs,-170,145
4/20,Cavaliers,Pacers,105,-125
4/20,Raptors,Wizards,-105,-115
4/20,Celtics,Bucks,180,-220
4/21,76ers,Heat,-180,155
4/21,Trail Blazers,Pelicans,222,-270
4/21,Rockets,Timberwolves,-240,199
4/21,Thunder,Jazz,184,-220
4/22,Celtics,Bucks,200,-250
4/22,Warriors,Spurs,-300,240
4/22,Raptors,Wizards,-125,105
4/22,Cavaliers,Pacers,-135,115
4/23,Rockets,Timberwolves,-260,210
4/23,Thunder,Jazz,170,-200
4/24,Bucks,Celtics,165,-195
4/24,Heat,76ers,500,-700
4/24,Spurs,Warriors,650,-1000
4/25,Wizards,Raptors,260,-330
4/25,Pacers,Cavaliers,260,-330
4/25,Timberwolves,Rockets,800,-1400
4/25,Jazz,Thunder,125,-145
4/26,Celtics,Bucks,170,-200
4/27,Raptors,Wizards,-140,120
4/27,Cavaliers,Pacers,110,-130
4/27,Thunder,Jazz,230,-280
4/28,Pelicans,Warriors,255,-320
4/28,Bucks,Celtics,180,-220
4/29,Jazz,Rockets,711,-1100
4/29,Pacers,Cavaliers,211,-255
4/30,76ers,Celtics,-220,180
5/1,Cavaliers,Raptors,225,-275
5/1,Pelicans,Warriors,600,-900
5/2,Jazz,Rockets,700,-1100
5/3,76ers,Celtics,-180,150
5/3,Cavaliers,Raptors,240,-300
5/4,Warriors,Pelicans,-220,180
5/4,Rockets,Jazz,-200,170
5/5,Celtics,76ers,400,-550
5/5,Raptors,Cavaliers,170,-200
5/6,Warriors,Pelicans,-250,200
5/6,Rockets,Jazz,-290,235
5/7,Celtics,76ers,260,-330
5/7,Raptors,Cavaliers,180,-220
5/8,Jazz,Rockets,700,-1100
5/8,Pelicans,Warriors,650,-1000
5/9,76ers,Celtics,105,-125
5/13,Cavaliers,Celtics,-120,100
5/14,Warriors,Rockets,110,-130
5/15,Cavaliers,Celtics,-110,-110
5/16,Warriors,Rockets,110,-130
5/19,Celtics,Cavaliers,260,-330
5/20,Rockets,Warriors,285,-355
5/21,Celtics,Cavaliers,256,-315
5/22,Rockets,Warriors,344,-440
5/23,Cavaliers,Celtics,110,-130
5/24,Warriors,Rockets,-115,-105
5/25,Celtics,Cavaliers,252,-310
5/26,Rockets,Warriors,755,-1200
5/27,Cavaliers,Celtics,140,-160
5/28,Warriors,Rockets,-265,218
5/31,Cavaliers,Warriors,664,-1000
6/3,Cavaliers,Warriors,447,-600
6/6,Warriors,Cavaliers,-150,130
6/8,Warriors,Cavaliers,-180,155
